id,sportradar_player_id,player_name,name,position,price,salary,projected_points,avg_fppg,team,recent_team,opponent_team,opponent_display,home_away,game_time,gameday,stadium,game_id,headshot_url,jersey_number,roster_status,height,weight,college,rank,prediction_rank,confidence
chase_brown_CIN_2025,d74ff06d-905d-4fed-8f98-b5f6d4549333,Chase Brown,,RB,7400,7400,14.9,14.9,CIN,CIN,CLE,@ CLE,away,Sun 09/07 13:00,2025-09-07,FirstEnergy Stadium,2025_01_CIN_CLE,"https://static.www.nfl.com/image/upload/f_auto,q_auto/league/rxzzjpgjgjsmmkekp6zu",30.0,ACT,70,210.0,Illinois,1,1,0
saquon_barkley_PHI_2025,9811b753-347c-467a-b3cb-85937e71e2b9,Saquon Barkley,,RB,7300,7300,14.7,14.7,PHI,PHI,DAL,vs DAL,home,Thu 09/04 20:20,2025-09-04,Lincoln Financial Field,2025_01_DAL_PHI,"https://static.www.nfl.com/image/upload/f_auto,q_auto/league/ugiuanl8bf6uoya5mgid",26.0,ACT,72,233.0,Penn State,2,2,0
derrick_henry_BAL_2025,87c481c7-7414-43cc-82df-19ca0c2ae22e,Derrick Henry,,RB,7200,7200,14.5,14.5,BAL,BAL,BUF,@ BUF,away,Sun 09/07 20:20,2025-09-07,New Era Field,2025_01_BAL_BUF,"https://static.www.nfl.com/image/upload/f_auto,q_auto/league/m7bv3lv9puapabltvykk",22.0,ACT,74,252.0,Alabama,3,3,0
alvin_kamara_NO_2025,d9c857b2-97da-4fb8-a527-afbbb2a67413,Alvin Kamara,,RB,7200,7200,14.5,14.5,NO,NO,ARI,vs ARI,home,Sun 09/07 13:00,2025-09-07,Mercedes-Benz Superdome,2025_01_ARI_NO,"https://static.www.nfl.com/image/private/f_auto,q_auto/league/tl9enad6kiwv6cukf4vt",41.0,ACT,70,215.0,Tennessee,4,4,0
jonathan_taylor_IND_2025,925195a4-06ba-4e37-ae7d-a3d6a5419139,Jonathan Taylor,,RB,7200,7200,14.3,14.3,IND,IND,MIA,vs MIA,home,Sun 09/07 13:00,2025-09-07,Lucas Oil Stadium,2025_01_MIA_IND,"https://static.www.nfl.com/image/upload/f_auto,q_auto/league/ye4runp84oku1vnodsa7",28.0,ACT,70,226.0,Wisconsin,5,5,0
jahmyr_gibbs_DET_2025,fef9457e-6497-47de-9bf2-cc3b95929375,Jahmyr Gibbs,,RB,7000,7000,14.0,14.0,DET,DET,GB,@ GB,away,Sun 09/07 16:25,2025-09-07,Lambeau Field,2025_01_DET_GB,"https://static.www.nfl.com/image/upload/f_auto,q_auto/league/f5y3osxxtov5rgfv4ra5",,ACT,69,202.0,Alabama,6,6,0
josh_jacobs_GB_2025,61694ab9-b099-408e-b48d-6a643dd069ec,Josh Jacobs,,RB,6900,6900,13.8,13.8,GB,GB,DET,vs DET,home,Sun 09/07 16:25,2025-09-07,Lambeau Field,2025_01_DET_GB,"https://static.www.nfl.com/image/upload/f_auto,q_auto/league/ksdusqxnwqtnph0htcfx",8.0,ACT,70,223.0,Alabama,7,7,0
bijan_robinson_ATL_2025,f78d68c2-f9da-48e7-b954-26b69efd828d,Bijan Robinson,,RB,6800,6800,13.5,13.5,ATL,ATL,TB,vs TB,home,Sun 09/07 13:00,2025-09-07,Mercedes-Benz Stadium,2025_01_TB_ATL,"https://static.www.nfl.com/image/upload/f_auto,q_auto/league/rydwvaod6ethdjap41l6",7.0,ACT,71,215.0,Texas,8,8,0
christian_mccaffrey_SF_2025,f96db0af-5e25-42d1-a07a-49b4e065b364,Christian McCaffrey,,RB,6700,6700,13.4,13.4,SF,SF,SEA,@ SEA,away,Sun 09/07 16:05,2025-09-07,Lumen Field,2025_01_SF_SEA,"https://static.www.nfl.com/image/upload/f_auto,q_auto/league/umiv5sn2xxrjdjwjtkqm",23.0,ACT,71,210.0,Stanford,9,9,0
chuba_hubbard_CAR_2025,32205e74-b23f-420a-b312-465b29260745,Chuba Hubbard,,RB,6600,6600,13.2,13.2,CAR,CAR,JAX,@ JAX,away,Sun 09/07 13:00,2025-09-07,TIAA Bank Stadium,2025_01_CAR_JAX,"https://static.www.nfl.com/image/upload/f_auto,q_auto/league/oyis5zooijf0xfme9csj",30.0,ACT,73,210.0,Oklahoma State,10,10,0
kyren_williams_LA_2025,19d44771-8f1d-4127-9b7d-230da137f15d,Kyren Williams,,RB,6600,6600,13.2,13.2,LA,LA,HOU,vs HOU,home,Sun 09/07 16:25,2025-09-07,SoFi Stadium,2025_01_HOU_LA,"https://static.www.nfl.com/image/upload/f_auto,q_auto/league/vcvstwywz6iufk7iul3x",23.0,ACT,69,202.0,Notre Dame,11,11,0
james_conner_ARI_2025,28a084c0-14df-499f-bd1f-b975603626b7,James Conner,,RB,6600,6600,13.2,13.2,ARI,ARI,NO,@ NO,away,Sun 09/07 13:00,2025-09-07,Mercedes-Benz Superdome,2025_01_ARI_NO,"https://static.www.nfl.com/image/upload/f_auto,q_auto/league/rtvys5j7sxjrlbpy5iim",6.0,ACT,73,233.0,Pittsburgh,12,12,0
ashton_jeanty_LV_2025,320fc4b7-76c7-43af-bbfd-1a22ba8f78cb,Ashton Jeanty,,RB,6300,6300,12.6,12.6,LV,LV,NE,@ NE,away,Sun 09/07 13:00,2025-09-07,Gillette Stadium,2025_01_LV_NE,,2.0,ACT,68,208.0,Boise State,13,13,0
james_cook_BUF_2025,ce5de0e5-9f76-42ee-b93a-3ef88af9b0a7,James Cook,,RB,6000,6000,12.1,12.1,BUF,BUF,BAL,vs BAL,home,Sun 09/07 20:20,2025-09-07,New Era Field,2025_01_BAL_BUF,"https://static.www.nfl.com/image/upload/f_auto,q_auto/league/bzdvrarxum9zate4te4b",4.0,ACT,71,190.0,Georgia,14,14,0
d'andre_swift_CHI_2025,cc4b5f58-a11c-4450-a1df-617ad88336e4,D'Andre Swift,,RB,6000,6000,12.0,12.0,CHI,CHI,MIN,vs MIN,home,Mon 09/08 20:15,2025-09-08,Soldier Field,2025_01_MIN_CHI,"https://static.www.nfl.com/image/upload/f_auto,q_auto/league/xlqznrxbapcjhxxazkbx",4.0,ACT,68,204.0,Georgia,15,15,0
de'von_achane__2025,a4ef921b-8767-4b4f-a651-7675c00f9af0,De'Von Achane,,RB,5900,5900,11.8,11.8,,,,TBD,,TBD,,,,,28.0,ACT,69,191.0,Texas A&M,16,16,0
bucky_irving_TB_2025,c5249c6f-bd1b-4352-8228-de2bd499ca0d,Bucky Irving,,RB,5800,5800,11.7,11.7,TB,TB,ATL,@ ATL,away,Sun 09/07 13:00,2025-09-07,Mercedes-Benz Stadium,2025_01_TB_ATL,"https://static.www.nfl.com/image/upload/f_auto,q_auto/league/wjaqkrtdhwf16wldi83h",7.0,ACT,70,195.0,Oregon,17,17,0
kenneth_walker_iii_SEA_2025,22ee9bac-a64c-4d44-94fc-51d775465b3b,Kenneth Walker III,,RB,5100,5100,10.2,10.2,SEA,SEA,SF,vs SF,home,Sun 09/07 16:05,2025-09-07,Lumen Field,2025_01_SF_SEA,,9.0,ACT,69,211.0,Michigan State,18,18,0
javonte_williams_DAL_2025,889dcdc5-3d88-45df-9677-5ad7ff87c011,Javonte Williams,,RB,5100,5100,10.2,10.2,DAL,DAL,PHI,@ PHI,away,Thu 09/04 20:20,2025-09-04,Lincoln Financial Field,2025_01_DAL_PHI,"https://static.www.nfl.com/image/upload/f_auto,q_auto/league/dm8qipfrz2nes9kgpcyp",33.0,ACT,70,220.0,North Carolina,19,19,0
breece_hall_NYJ_2025,db1053d7-3343-43a3-9aab-8353f10f1221,Breece Hall,,RB,4800,4800,9.5,9.5,NYJ,NYJ,PIT,vs PIT,home,Sun 09/07 13:00,2025-09-07,MetLife Stadium,2025_01_PIT_NYJ,"https://static.www.nfl.com/image/upload/f_auto,q_auto/league/ekmqygsmfkwwwdmuox4r",20.0,ACT,71,217.0,Iowa State,20,20,0
rhamondre_stevenson_NE_2025,6260e78a-64e2-4f7e-9bf8-39948a17a370,Rhamondre Stevenson,,RB,4600,4600,9.3,9.3,NE,NE,LV,vs LV,home,Sun 09/07 13:00,2025-09-07,Gillette Stadium,2025_01_LV_NE,"https://static.www.nfl.com/image/private/f_auto,q_auto/league/ro2fqabc4qndtnxykvm7",38.0,ACT,72,227.0,Oklahoma,21,21,0
brian_robinson_WAS_2025,795f636e-6f7f-4bc7-a346-2862272abead,Brian Robinson,,RB,4600,4600,9.3,9.3,WAS,WAS,NYG,vs NYG,home,Sun 09/07 13:00,2025-09-07,FedExField,2025_01_NYG_WAS,"https://static.www.nfl.com/image/private/f_auto,q_auto/league/gxcfbuvmooytbn45kvxf",8.0,ACT,73,228.0,Alabama,22,22,0
rj_harvey_DEN_2025,fc6dbb83-b2b1-4962-b793-e79b2378b525,RJ Harvey,,RB,4400,4400,8.8,8.8,DEN,DEN,TEN,vs TEN,home,Sun 09/07 16:05,2025-09-07,Empower Field at Mile High,2025_01_TEN_DEN,,37.0,ACT,68,205.0,UCF,23,23,0
isiah_pacheco_KC_2025,3a25c037-fa30-4740-b742-ec8e4f1a2a25,Isiah Pacheco,,RB,4000,4000,6.9,6.9,KC,KC,LAC,@ LAC,away,Fri 09/05 20:00,2025-09-05,SoFi Stadium,2025_01_KC_LAC,"https://static.www.nfl.com/image/private/f_auto,q_auto/league/rzr8nxjunjeiv8bjir59",10.0,ACT,70,216.0,Rutgers,24,24,0
jaylen_warren_PIT_2025,7e397190-ca24-11ec-9f1c-b7114d38a85b,Jaylen Warren,,RB,4000,4000,6.6,6.6,PIT,PIT,NYJ,@ NYJ,away,Sun 09/07 13:00,2025-09-07,MetLife Stadium,2025_01_PIT_NYJ,"https://static.www.nfl.com/image/upload/f_auto,q_auto/league/aaw4yacm6azisxqy273i",30.0,ACT,68,215.0,Oklahoma State,25,25,0
robbie_ouzts_SEA_2025,fc472cd5-1a00-4bd9-ab41-6eb7e50f0d21,Robbie Ouzts,,RB,4000,4000,6.3,6.3,SEA,SEA,SF,vs SF,home,Sun 09/07 16:05,2025-09-07,Lumen Field,2025_01_SF_SEA,,40.0,ACT,75,274.0,Alabama,26,26,0
jerome_ford_CLE_2025,cdc61676-6592-43f9-a4a6-d29ce52ac8f4,Jerome Ford,,RB,4000,4000,5.9,5.9,CLE,CLE,CIN,vs CIN,home,Sun 09/07 13:00,2025-09-07,FirstEnergy Stadium,2025_01_CIN_CLE,"https://static.www.nfl.com/image/private/f_auto,q_auto/league/djggmwo5v8osoboiseo2",34.0,ACT,70,210.0,Cincinnati,27,27,0
omarion_hampton_LAC_2025,3e1b7908-79ee-4a23-97b9-5190725a2e5e,Omarion Hampton,,RB,4000,4000,5.4,5.4,LAC,LAC,KC,vs KC,home,Fri 09/05 20:00,2025-09-05,SoFi Stadium,2025_01_KC_LAC,,8.0,ACT,72,220.0,North Carolina,28,28,0
treveyon_henderson_NE_2025,0d9788e6-03ee-416d-8ba2-deb57037d209,TreVeyon Henderson,,RB,4000,4000,4.7,4.7,NE,NE,LV,vs LV,home,Sun 09/07 13:00,2025-09-07,Gillette Stadium,2025_01_LV_NE,,32.0,ACT,70,202.0,Ohio State,29,29,0
kaleb_johnson_PIT_2025,9738de9a-7626-460f-a786-28433ef70a1f,Kaleb Johnson,,RB,4000,4000,4.0,4.0,PIT,PIT,NYJ,@ NYJ,away,Sun 09/07 13:00,2025-09-07,MetLife Stadium,2025_01_PIT_NYJ,,20.0,ACT,73,224.0,Iowa,30,30,0
ben_vansumeren_PHI_2025,1377e940-eb75-11ed-aecd-85bc826ed43e,Ben VanSumeren,,RB,4000,4000,3.8,3.8,PHI,PHI,DAL,vs DAL,home,Thu 09/04 20:20,2025-09-04,Lincoln Financial Field,2025_01_DAL_PHI,"https://static.www.nfl.com/image/private/f_auto,q_auto/league/uf90uiqoapeb0jrzumui",43.0,ACT,74,231.0,Michigan State,31,31,0
j.k._dobbins_DEN_2025,a57b9914-4315-4295-98b4-9b348c52d6a1,J.K. Dobbins,,RB,4000,4000,3.7,3.7,DEN,DEN,TEN,vs TEN,home,Sun 09/07 16:05,2025-09-07,Empower Field at Mile High,2025_01_TEN_DEN,"https://static.www.nfl.com/image/upload/f_auto,q_auto/league/rbuyzj3kv10xrq1rfy2l",27.0,ACT,70,212.0,Ohio State,32,32,0
zach_charbonnet_SEA_2025,7d7f1628-85a7-4633-9ffe-d82fc2761b00,Zach Charbonnet,,RB,4000,4000,3.5,3.5,SEA,SEA,SF,vs SF,home,Sun 09/07 16:05,2025-09-07,Lumen Field,2025_01_SF_SEA,"https://static.www.nfl.com/image/upload/f_auto,q_auto/league/eaaj5vbfmk08wvwelyqt",26.0,ACT,73,214.0,UCLA,33,33,0
rico_dowdle_CAR_2025,bba755a2-63b6-4ac1-b806-0609816135de,Rico Dowdle,,RB,4000,4000,3.5,3.5,CAR,CAR,JAX,@ JAX,away,Sun 09/07 13:00,2025-09-07,TIAA Bank Stadium,2025_01_CAR_JAX,"https://static.www.nfl.com/image/upload/f_auto,q_auto/league/fe8ge4f6vvtyihou5czu",5.0,ACT,71,215.0,South Carolina,34,34,0
david_montgomery_DET_2025,1c9e1cd5-8cb1-4a15-a2c8-3a0c0fd5423c,David Montgomery,,RB,4000,4000,3.3,3.3,DET,DET,GB,@ GB,away,Sun 09/07 16:25,2025-09-07,Lambeau Field,2025_01_DET_GB,"https://static.www.nfl.com/image/upload/f_auto,q_auto/league/nwdb4paueb1x4gv7tlb9",5.0,ACT,71,230.0,Iowa State,35,35,0
michael_burton__2025,80715ecf-ffc9-4a93-a305-2193451b3382,Michael Burton,,FB,4000,4000,3.2,3.2,,,,TBD,,TBD,,,,"https://static.www.nfl.com/image/upload/f_auto,q_auto/league/edfaq7s9wuzedbfcarrp",20.0,ACT,72,247.0,Rutgers,36,36,0
sincere_mccormick_LV_2025,2e808f70-d3a3-11ec-96a0-c3471a31202c,Sincere McCormick,,RB,4000,4000,3.2,3.2,LV,LV,NE,@ NE,away,Sun 09/07 13:00,2025-09-07,Gillette Stadium,2025_01_LV_NE,"https://static.www.nfl.com/image/upload/f_auto,q_auto/league/esocauqmcswp4jolgnom",28.0,ACT,68,204.0,UTSA,37,37,0
michael_carter_ARI_2025,117d2769-60b3-47f0-be7f-f47fe36e0ac9,Michael Carter,,RB,4000,4000,3.1,3.1,ARI,ARI,NO,@ NO,away,Sun 09/07 13:00,2025-09-07,Mercedes-Benz Superdome,2025_01_ARI_NO,"https://static.www.nfl.com/image/upload/f_auto,q_auto/league/wylipaunq6cueyj8h1in",22.0,ACT,70,184.0,Duke,38,38,0
antonio_gibson_NE_2025,c0a8a5d0-583f-457a-9d96-70027d3f69e7,Antonio Gibson,,RB,4000,4000,3.1,3.1,NE,NE,LV,vs LV,home,Sun 09/07 13:00,2025-09-07,Gillette Stadium,2025_01_LV_NE,"https://static.www.nfl.com/image/upload/f_auto,q_auto/league/hsjhpzgfdilf9cyrpeup",4.0,ACT,72,228.0,Memphis,39,39,0
carson_steele_KC_2025,56312980-07cc-11ef-ae1a-ef16ff05bbda,Carson Steele,,RB,4000,4000,3.1,3.1,KC,KC,LAC,@ LAC,away,Fri 09/05 20:00,2025-09-05,SoFi Stadium,2025_01_KC_LAC,"https://static.www.nfl.com/image/upload/f_auto,q_auto/league/lhkvntmjrt4fbsxi3hrt",42.0,ACT,72,228.0,UCLA,40,40,0
austin_ekeler_WAS_2025,e5b8c439-a48a-4f83-b63b-1a4d30e04cd3,Austin Ekeler,,RB,4000,4000,3.0,3.0,WAS,WAS,NYG,vs NYG,home,Sun 09/07 13:00,2025-09-07,FedExField,2025_01_NYG_WAS,"https://static.www.nfl.com/image/upload/f_auto,q_auto/league/sldndpn2zwt4uhkj2zks",30.0,ACT,69,200.0,Western Colorado,41,41,0
kyle_juszczyk_SF_2025,67da5b5c-0db9-4fbc-b98d-7eb8e97b69f6,Kyle Juszczyk,,RB,4000,4000,2.9,2.9,SF,SF,SEA,@ SEA,away,Sun 09/07 16:05,2025-09-07,Lumen Field,2025_01_SF_SEA,"https://static.www.nfl.com/image/upload/f_auto,q_auto/league/mfhpygabawkeioplae7a",44.0,ACT,73,235.0,Harvard,42,42,0
deon_jackson_DET_2025,,Deon Jackson,Deon Jackson,RB,4000,4000,2.9,2.9,DET,DET,GB,@ GB,away,Sun 09/07 16:25,2025-09-07,Lambeau Field,2025_01_DET_GB,"https://static.www.nfl.com/image/private/f_auto,q_auto/league/wvi0pz27h6t7gfjujxis",36.0,ACT,,,,43,43,0
travis_etienne_JAX_2025,970693f0-0af4-4627-ac0c-bf519f7433ee,Travis Etienne,,RB,4000,4000,2.7,2.7,JAX,JAX,CAR,vs CAR,home,Sun 09/07 13:00,2025-09-07,TIAA Bank Stadium,2025_01_CAR_JAX,"https://static.www.nfl.com/image/private/f_auto,q_auto/league/ne5lyv8n6elqw77yrz9w",1.0,ACT,70,215.0,Clemson,44,44,0
jordan_mason_MIN_2025,af9f7390-ca80-11ec-97ae-e1573849d1a6,Jordan Mason,,RB,4000,4000,2.6,2.6,MIN,MIN,CHI,@ CHI,away,Mon 09/08 20:15,2025-09-08,Soldier Field,2025_01_MIN_CHI,"https://static.www.nfl.com/image/upload/f_auto,q_auto/league/ub1ub6sxuov1f1kux1v9",27.0,ACT,71,223.0,Georgia Tech,45,45,0
nick_chubb_HOU_2025,4bd60b33-9fbf-4156-ba2b-8264ac37b418,Nick Chubb,,RB,4000,4000,2.6,2.6,HOU,HOU,LA,@ LA,away,Sun 09/07 16:25,2025-09-07,SoFi Stadium,2025_01_HOU_LA,"https://static.www.nfl.com/image/private/f_auto,q_auto/league/a8ib0haur75wrhqrbtyo",21.0,ACT,71,227.0,Georgia,46,46,0
patrick_ricard_BAL_2025,cb68b95f-ef6f-4e5e-b861-8bfe6cfeacf5,Patrick Ricard,,RB,4000,4000,2.4,2.4,BAL,BAL,BUF,@ BUF,away,Sun 09/07 20:20,2025-09-07,New Era Field,2025_01_BAL_BUF,"https://static.www.nfl.com/image/upload/f_auto,q_auto/league/dwnktpq9tu98n7ozspri",42.0,ACT,75,300.0,Maine,47,47,0
tank_bigsby_JAX_2025,2034916c-8062-46e3-8d0c-d0dec694e2d1,Tank Bigsby,,RB,4000,4000,2.3,2.3,JAX,JAX,CAR,vs CAR,home,Sun 09/07 13:00,2025-09-07,TIAA Bank Stadium,2025_01_CAR_JAX,"https://static.www.nfl.com/image/upload/f_auto,q_auto/league/vwl0kijb59dp20m3hs3u",4.0,ACT,71,215.0,Auburn,48,48,0
justice_hill_BAL_2025,528e71ec-8fb3-4928-ace5-fc5ffbf26eb3,Justice Hill,,RB,4000,4000,2.2,2.2,BAL,BAL,BUF,@ BUF,away,Sun 09/07 20:20,2025-09-07,New Era Field,2025_01_BAL_BUF,"https://static.www.nfl.com/image/upload/f_auto,q_auto/league/jeeq17ah67zxc6vdamhk",43.0,ACT,70,205.0,Oklahoma State,49,49,0
marshawn_lloyd_GB_2025,7b8967bc-a3a5-4aa4-bd1f-2846663ca831,MarShawn Lloyd,,RB,4000,4000,2.0,2.0,GB,GB,DET,vs DET,home,Sun 09/07 16:25,2025-09-07,Lambeau Field,2025_01_DET_GB,"https://static.www.nfl.com/image/upload/f_auto,q_auto/league/cikf6dm0qassteyibwlv",32.0,ACT,69,220.0,USC,50,50,0
scott_matlock_LAC_2025,9cedc261-40ff-4fe3-80e1-e128dcceede0,Scott Matlock,,RB,4000,4000,2.0,2.0,LAC,LAC,KC,vs KC,home,Fri 09/05 20:00,2025-09-05,SoFi Stadium,2025_01_KC_LAC,"https://static.www.nfl.com/image/upload/f_auto,q_auto/league/qin48hcmcufdvuvyefxz",44.0,ACT,76,296.0,Boise State,51,51,0
lucas_scott_BAL_2025,9ecda000-2ffe-11f0-9156-0d63b2ee880c,Lucas Scott,,RB,4000,4000,2.0,2.0,BAL,BAL,BUF,@ BUF,away,Sun 09/07 20:20,2025-09-07,New Era Field,2025_01_BAL_BUF,,47.0,ACT,75,290.0,Army,52,52,0
jordan_mims_TEN_2025,6d91ccf0-f013-11ed-88ef-07b7f7d6320c,Jordan Mims,,RB,4000,4000,1.9,1.9,TEN,TEN,DEN,@ DEN,away,Sun 09/07 16:05,2025-09-07,Empower Field at Mile High,2025_01_TEN_DEN,"https://static.www.nfl.com/image/upload/f_auto,q_auto/league/nvamfcrdqvkwtnpgmzdh",24.0,ACT,72,205.0,Fresno State,53,53,0
alec_ingold_MIA_2025,7ade135c-0760-4548-b7d9-cf1174e2be33,Alec Ingold,,RB,4000,4000,1.9,1.9,MIA,MIA,IND,@ IND,away,Sun 09/07 13:00,2025-09-07,Lucas Oil Stadium,2025_01_MIA_IND,"https://static.www.nfl.com/image/upload/f_auto,q_auto/league/ti3f1rb38z7sbxkjk2d9",30.0,ACT,73,232.0,Wisconsin,54,54,0
raheem_mostert_LV_2025,b040e601-ec40-4757-bf3d-71bf64ef99cf,Raheem Mostert,,RB,4000,4000,1.8,1.8,LV,LV,NE,@ NE,away,Sun 09/07 13:00,2025-09-07,Gillette Stadium,2025_01_LV_NE,"https://static.www.nfl.com/image/upload/f_auto,q_auto/league/ayii5q2am51xeipp1h8v",31.0,ACT,70,212.0,Purdue,55,55,0
rachaad_white_TB_2025,4d3f2f57-215c-4cb4-bf75-a7ecdcdded70,Rachaad White,,RB,4000,4000,1.8,1.8,TB,TB,ATL,@ ATL,away,Sun 09/07 13:00,2025-09-07,Mercedes-Benz Stadium,2025_01_TB_ATL,"https://static.www.nfl.com/image/upload/f_auto,q_auto/league/przphhlw0zga7b45qlyb",1.0,ACT,72,214.0,Arizona State,56,56,0
tyler_badie_DEN_2025,e62678b9-9816-420f-bf86-398e7fea7063,Tyler Badie,,RB,4000,4000,1.8,1.8,DEN,DEN,TEN,vs TEN,home,Sun 09/07 16:05,2025-09-07,Empower Field at Mile High,2025_01_TEN_DEN,"https://static.www.nfl.com/image/upload/f_auto,q_auto/league/brr4ec8gkikxhqqsu1nw",28.0,ACT,68,197.0,Missouri,57,57,0
israel_abanikanda_GB_2025,07802728-2d68-4aac-8e1f-ee306977495d,Israel Abanikanda,,RB,4000,4000,1.7,1.7,GB,GB,DET,vs DET,home,Sun 09/07 16:25,2025-09-07,Lambeau Field,2025_01_DET_GB,"https://static.www.nfl.com/image/private/f_auto,q_auto/league/ythhca1bq2bjbhgfyf9o",23.0,ACT,70,217.0,Pittsburgh,58,58,0
kendre_miller_NO_2025,66627686-34fe-4599-84ac-e436fd7d798a,Kendre Miller,,RB,4000,4000,1.6,1.6,NO,NO,ARI,vs ARI,home,Sun 09/07 13:00,2025-09-07,Mercedes-Benz Superdome,2025_01_ARI_NO,"https://static.www.nfl.com/image/upload/f_auto,q_auto/league/wyj0lpna5gbhvyfiqnis",5.0,ACT,72,220.0,TCU,59,59,0
emanuel_wilson_GB_2025,05266280-f323-11ed-bd27-0bcbcaae8d67,Emanuel Wilson,,RB,4000,4000,1.6,1.6,GB,GB,DET,vs DET,home,Sun 09/07 16:25,2025-09-07,Lambeau Field,2025_01_DET_GB,"https://static.www.nfl.com/image/upload/f_auto,q_auto/league/hpscbhsmjocm8kmwfbuc",31.0,ACT,70,226.0,Fort Valley State,60,60,0
chris_rodriguez_jr._WAS_2025,ae5c4758-cb53-4f17-8763-b91381036af3,Chris Rodriguez Jr.,,RB,4000,4000,1.5,1.5,WAS,WAS,NYG,vs NYG,home,Sun 09/07 13:00,2025-09-07,FedExField,2025_01_NYG_WAS,,36.0,ACT,71,224.0,Kentucky,61,61,0
aj_dillon__2025,,AJ Dillon,AJ Dillon,RB,4000,4000,1.5,1.5,,,,TBD,,TBD,,,,"https://static.www.nfl.com/image/upload/f_auto,q_auto/league/dmngnuthwbzaxzekg53u",,ACT,,,,62,62,0
clyde_edwards-helaire_NO_2025,8aa01565-4481-443a-9951-642c98ded113,Clyde Edwards-Helaire,,RB,4000,4000,1.5,1.5,NO,NO,ARI,vs ARI,home,Sun 09/07 13:00,2025-09-07,Mercedes-Benz Superdome,2025_01_ARI_NO,"https://static.www.nfl.com/image/upload/f_auto,q_auto/league/lgwe3vcpwh3db31b2obg",23.0,ACT,67,207.0,LSU,63,63,0
will_shipley_PHI_2025,796e223d-e8d5-42ab-afb4-557fa6183357,Will Shipley,,RB,4000,4000,1.5,1.5,PHI,PHI,DAL,vs DAL,home,Thu 09/04 20:20,2025-09-04,Lincoln Financial Field,2025_01_DAL_PHI,"https://static.www.nfl.com/image/upload/f_auto,q_auto/league/irh5l9dxqamsfnfjwuc7",28.0,ACT,71,209.0,Clemson,64,64,0
c.j._ham_MIN_2025,971fc9e5-bebb-4a2c-a822-8c52f92a3d07,C.J. Ham,,RB,4000,4000,1.5,1.5,MIN,MIN,CHI,@ CHI,away,Mon 09/08 20:15,2025-09-08,Soldier Field,2025_01_MIN_CHI,"https://static.www.nfl.com/image/upload/f_auto,q_auto/league/a23fezyvrzsse3q8yuxi",30.0,ACT,71,250.0,Augustana,65,65,0
hunter_luepke_DAL_2025,58f425d0-f677-11ed-978f-0975e9cb7dba,Hunter Luepke,,RB,4000,4000,1.5,1.5,DAL,DAL,PHI,@ PHI,away,Thu 09/04 20:20,2025-09-04,Lincoln Financial Field,2025_01_DAL_PHI,"https://static.www.nfl.com/image/upload/f_auto,q_auto/league/kutswlnzg4fefe7lpbd2",40.0,ACT,73,238.0,North Dakota State,66,66,0
devin_singletary_NYG_2025,a961b0d4-5d7c-438e-90f0-2e1fa09f6c89,Devin Singletary,,RB,4000,4000,1.4,1.4,NYG,NYG,WAS,@ WAS,away,Sun 09/07 13:00,2025-09-07,FedExField,2025_01_NYG_WAS,"https://static.www.nfl.com/image/upload/f_auto,q_auto/league/wz8mp8xb5bdspcxosreh",26.0,ACT,67,203.0,Florida Atlantic,67,67,0
bam_knight_ARI_2025,53df5e30-d3bd-11ec-96a0-c3471a31202c,Bam Knight,,RB,4000,4000,1.4,1.4,ARI,ARI,NO,@ NO,away,Sun 09/07 13:00,2025-09-07,Mercedes-Benz Superdome,2025_01_ARI_NO,"https://static.www.nfl.com/image/private/f_auto,q_auto/league/qdfkex1xfpfdyfovabig",35.0,ACT,71,210.0,North Carolina State,68,68,0
chris_brooks__2025,35a0d440-f017-11ed-bedb-53f19b227cc3,Chris Brooks,,RB,4000,4000,1.4,1.4,,,,TBD,,TBD,,,,,30.0,ACT,73,219.0,BYU,69,69,0
andrew_beck_NYJ_2025,b556a98d-16aa-4a0d-9134-1b59c46cc640,Andrew Beck,,RB,4000,4000,1.4,1.4,NYJ,NYJ,PIT,vs PIT,home,Sun 09/07 13:00,2025-09-07,MetLife Stadium,2025_01_PIT_NYJ,"https://static.www.nfl.com/image/upload/f_auto,q_auto/league/rsfn0gxxiu1cx6woxd38",47.0,ACT,75,255.0,Texas,70,70,0
reggie_gilliam_BUF_2025,4475bb8a-b5a6-4527-bfc7-8e7e03900984,Reggie Gilliam,,RB,4000,4000,1.4,1.4,BUF,BUF,BAL,vs BAL,home,Sun 09/07 20:20,2025-09-07,New Era Field,2025_01_BAL_BUF,"https://static.www.nfl.com/image/upload/f_auto,q_auto/league/qj2xzath8p7188isoxkd",41.0,ACT,72,244.0,Toledo,71,71,0
isaac_guerendo_SF_2025,eac64b21-6e9e-447a-bf18-8a00b5c12871,Isaac Guerendo,,RB,4000,4000,1.3,1.3,SF,SF,SEA,@ SEA,away,Sun 09/07 16:05,2025-09-07,Lumen Field,2025_01_SF_SEA,"https://static.www.nfl.com/image/upload/f_auto,q_auto/league/vi0oa4oajc6ecgzr8l08",31.0,ACT,72,221.0,Louisville,72,72,0
isaiah_davis_NYJ_2025,849789be-b8f0-4d97-a777-2fcf336efa6a,Isaiah Davis,,RB,4000,4000,1.3,1.3,NYJ,NYJ,PIT,vs PIT,home,Sun 09/07 13:00,2025-09-07,MetLife Stadium,2025_01_PIT_NYJ,"https://static.www.nfl.com/image/upload/f_auto,q_auto/league/yx5kxu7fsb1oe4jlqvyh",32.0,ACT,73,220.0,South Dakota State,73,73,0
blake_corum_LA_2025,93ba1da2-3679-4ddc-9687-0802349f9ee2,Blake Corum,,RB,4000,4000,1.3,1.3,LA,LA,HOU,vs HOU,home,Sun 09/07 16:25,2025-09-07,SoFi Stadium,2025_01_HOU_LA,"https://static.www.nfl.com/image/upload/f_auto,q_auto/league/ehpbxs9iiosm4xs7nhnl",22.0,ACT,68,210.0,Michigan,74,74,0
deuce_vaughn_DAL_2025,e444229e-c262-40a7-bb89-61d4b774da55,Deuce Vaughn,,RB,4000,4000,1.3,1.3,DAL,DAL,PHI,@ PHI,away,Thu 09/04 20:20,2025-09-04,Lincoln Financial Field,2025_01_DAL_PHI,"https://static.www.nfl.com/image/upload/f_auto,q_auto/league/uzxaeh4dssbmvz3lwaan",42.0,ACT,66,176.0,Kansas State,75,75,0
cam_akers_NO_2025,74980532-8158-4b56-91db-5053878737b4,Cam Akers,,RB,4000,4000,1.3,1.3,NO,NO,ARI,vs ARI,home,Sun 09/07 13:00,2025-09-07,Mercedes-Benz Superdome,2025_01_ARI_NO,"https://static.www.nfl.com/image/upload/f_auto,q_auto/league/dutj0wamu7giwghnmr4m",26.0,ACT,70,217.0,Florida State,76,76,0
ty_johnson_BUF_2025,96e6687b-2b89-4dd9-98df-6e7507cd82cf,Ty Johnson,,RB,4000,4000,1.3,1.3,BUF,BUF,BAL,vs BAL,home,Sun 09/07 20:20,2025-09-07,New Era Field,2025_01_BAL_BUF,"https://static.www.nfl.com/image/upload/f_auto,q_auto/league/zdedn4xqr2jy6mddh5pb",26.0,ACT,70,210.0,Maryland,77,77,0
craig_reynolds_DET_2025,0deb1dc9-0945-470d-8352-220d26d03d7d,Craig Reynolds,,RB,4000,4000,1.3,1.3,DET,DET,GB,@ GB,away,Sun 09/07 16:25,2025-09-07,Lambeau Field,2025_01_DET_GB,"https://static.www.nfl.com/image/upload/f_auto,q_auto/league/kfohmdfiai96uqcl7c03",13.0,ACT,71,216.0,Kutztown,78,78,0
raheem_blackshear_CAR_2025,f64a23e0-d457-11ec-9026-65785f74dc2a,Raheem Blackshear,,RB,4000,4000,1.2,1.2,CAR,CAR,JAX,@ JAX,away,Sun 09/07 13:00,2025-09-07,TIAA Bank Stadium,2025_01_CAR_JAX,"https://static.www.nfl.com/image/upload/f_auto,q_auto/league/sv6aefajv1duatig0buu",3.0,ACT,69,190.0,Virginia Tech,79,79,0
braelon_allen_NYJ_2025,d7f72deb-c1e2-47a2-b651-887f0e33dc44,Braelon Allen,,RB,4000,4000,1.2,1.2,NYJ,NYJ,PIT,vs PIT,home,Sun 09/07 13:00,2025-09-07,MetLife Stadium,2025_01_PIT_NYJ,"https://static.www.nfl.com/image/upload/f_auto,q_auto/league/p0fylkec7poarrjosefz",,ACT,73,235.0,Wisconsin,80,80,0
keaton_mitchell_BAL_2025,16341d80-f01f-11ed-97df-a94b89ac5704,Keaton Mitchell,,RB,4000,4000,1.1,1.1,BAL,BAL,BUF,@ BUF,away,Sun 09/07 20:20,2025-09-07,New Era Field,2025_01_BAL_BUF,"https://static.www.nfl.com/image/upload/f_auto,q_auto/league/ubl4gwglxlbxzku0qta9",34.0,ACT,68,190.0,East Carolina,81,81,0
kimani_vidal_LAC_2025,ed923635-f021-4b76-9dbb-9f1901eeaab9,Kimani Vidal,,RB,4000,4000,1.1,1.1,LAC,LAC,KC,vs KC,home,Fri 09/05 20:00,2025-09-05,SoFi Stadium,2025_01_KC_LAC,"https://static.www.nfl.com/image/upload/f_auto,q_auto/league/fcxbkvgjtitodz3pjequ",30.0,ACT,68,215.0,Troy,82,82,0
trey_benson_ARI_2025,0c1253f2-1822-445d-8590-fea6fd32703f,Trey Benson,,RB,4000,4000,1.1,1.1,ARI,ARI,NO,@ NO,away,Sun 09/07 13:00,2025-09-07,Mercedes-Benz Superdome,2025_01_ARI_NO,"https://static.www.nfl.com/image/upload/f_auto,q_auto/league/iu0gbspz3kjdqlazvtkn",33.0,ACT,72,220.0,Florida State,83,83,0
ray_davis_BUF_2025,a856dd59-ed95-471a-bfb9-fbd0566bd1a9,Ray Davis,,RB,4000,4000,1.1,1.1,BUF,BUF,BAL,vs BAL,home,Sun 09/07 20:20,2025-09-07,New Era Field,2025_01_BAL_BUF,"https://static.www.nfl.com/image/upload/f_auto,q_auto/league/xm8csnleyxsop4pldyby",22.0,ACT,68,220.0,Kentucky,84,84,0
emari_demercado_ARI_2025,44b4cbf0-e8fe-11ed-bc6e-a5c4d3ccbdd1,Emari Demercado,,RB,4000,4000,1.1,1.1,ARI,ARI,NO,@ NO,away,Sun 09/07 13:00,2025-09-07,Mercedes-Benz Superdome,2025_01_ARI_NO,"https://static.www.nfl.com/image/upload/f_auto,q_auto/league/pvd4nrkfpg8h1yamerrr",31.0,ACT,69,215.0,TCU,85,85,0
gary_brightwell_CIN_2025,94bde2c7-7229-4bf0-a545-5950cf3c7927,Gary Brightwell,,RB,4000,4000,1.0,1.0,CIN,CIN,CLE,@ CLE,away,Sun 09/07 13:00,2025-09-07,FirstEnergy Stadium,2025_01_CIN_CLE,"https://static.www.nfl.com/image/upload/f_auto,q_auto/league/m2xicttj0rfcclm9t0gs",32.0,ACT,73,218.0,Arizona,86,86,0
nay'quan_wright_IND_2025,,Nay'Quan Wright,Nay'Quan Wright,RB,4000,4000,1.0,1.0,IND,IND,MIA,vs MIA,home,Sun 09/07 13:00,2025-09-07,Lucas Oil Stadium,2025_01_MIA_IND,,42.0,ACT,,,,87,87,0
lawrance_toafili_NYJ_2025,0fff38c0-6c85-11f0-bc0e-4ba8054abf12,Lawrance Toafili,,RB,4000,4000,1.0,1.0,NYJ,NYJ,PIT,vs PIT,home,Sun 09/07 13:00,2025-09-07,MetLife Stadium,2025_01_PIT_NYJ,,38.0,ACT,72,185.0,Florida State,88,88,0
bhayshul_tuten_JAX_2025,26d4b13e-a555-4519-9356-cd16c65384e7,Bhayshul Tuten,,RB,4000,4000,1.0,1.0,JAX,JAX,CAR,vs CAR,home,Sun 09/07 13:00,2025-09-07,TIAA Bank Stadium,2025_01_CAR_JAX,,33.0,ACT,69,209.0,Virginia Tech,89,89,0
cam_skattebo_NYG_2025,e1f0c72d-f4d0-4c24-93a4-8a12b9a2efd2,Cam Skattebo,,RB,4000,4000,1.0,1.0,NYG,NYG,WAS,@ WAS,away,Sun 09/07 13:00,2025-09-07,FedExField,2025_01_NYG_WAS,,44.0,ACT,71,215.0,Arizona State,90,90,0
jashaun_corbin_ATL_2025,f75439c0-d3bb-11ec-96a0-c3471a31202c,Jashaun Corbin,,RB,4000,4000,1.0,1.0,ATL,ATL,TB,vs TB,home,Sun 09/07 13:00,2025-09-07,Mercedes-Benz Stadium,2025_01_TB_ATL,"https://static.www.nfl.com/image/private/f_auto,q_auto/league/ruppqk56fuctb78gf21p",30.0,ACT,71,200.0,Florida State,91,91,0
brittain_brown_CHI_2025,,Brittain Brown,Brittain Brown,RB,4000,4000,1.0,1.0,CHI,CHI,MIN,vs MIN,home,Mon 09/08 20:15,2025-09-08,Soldier Field,2025_01_MIN_CHI,,38.0,ACT,,,,92,92,0
jarquez_hunter_LA_2025,e71d4c32-3233-467f-ab01-71de34e5d9b4,Jarquez Hunter,,RB,4000,4000,1.0,1.0,LA,LA,HOU,vs HOU,home,Sun 09/07 16:25,2025-09-07,SoFi Stadium,2025_01_HOU_LA,,35.0,ACT,69,204.0,Auburn,93,93,0
woody_marks_HOU_2025,b900661b-b5df-47c8-819d-bb13b106a60b,Woody Marks,,RB,4000,4000,1.0,1.0,HOU,HOU,LA,@ LA,away,Sun 09/07 16:25,2025-09-07,SoFi Stadium,2025_01_HOU_LA,,27.0,ACT,70,208.0,USC,94,94,0
evan_hull_PIT_2025,20d82a85-0128-499a-9330-2906af3cbb09,Evan Hull,,RB,4000,4000,1.0,1.0,PIT,PIT,NYJ,@ NYJ,away,Sun 09/07 13:00,2025-09-07,MetLife Stadium,2025_01_PIT_NYJ,"https://static.www.nfl.com/image/upload/f_auto,q_auto/league/ujeotuzljtwd4wtzbuse",38.0,ACT,70,209.0,Northwestern,95,95,0
ulysses_bentley_iv_IND_2025,f71d0370-23b2-11f0-b632-8947e146a0ae,Ulysses Bentley IV,,RB,4000,4000,1.0,1.0,IND,IND,MIA,vs MIA,home,Sun 09/07 13:00,2025-09-07,Lucas Oil Stadium,2025_01_MIA_IND,,37.0,ACT,70,200.0,Ole Miss,96,96,0
lew_nichols_iii_PIT_2025,,Lew Nichols III,Lew Nichols III,RB,4000,4000,1.0,1.0,PIT,PIT,NYJ,@ NYJ,away,Sun 09/07 13:00,2025-09-07,MetLife Stadium,2025_01_PIT_NYJ,,35.0,ACT,,,,97,97,0
owen_wright_TB_2025,53cbf000-f01f-11ed-97df-a94b89ac5704,Owen Wright,,RB,4000,4000,1.0,1.0,TB,TB,ATL,@ ATL,away,Sun 09/07 13:00,2025-09-07,Mercedes-Benz Stadium,2025_01_TB_ATL,,49.0,ACT,69,217.0,Monmouth,98,98,0
dameon_pierce_HOU_2025,5d4ef6da-a6b5-4d9c-adc0-28dfdbe9315e,Dameon Pierce,,RB,4000,4000,1.0,1.0,HOU,HOU,LA,@ LA,away,Sun 09/07 16:25,2025-09-07,SoFi Stadium,2025_01_HOU_LA,"https://static.www.nfl.com/image/upload/f_auto,q_auto/league/kotnmiuvvfmfuupr0f82",31.0,ACT,70,215.0,Florida,99,99,0
damien_martinez_SEA_2025,487da97d-a1e8-4a1f-9b43-085944ea1a44,Damien Martinez,,RB,4000,4000,1.0,1.0,SEA,SEA,SF,vs SF,home,Sun 09/07 16:05,2025-09-07,Lumen Field,2025_01_SF_SEA,,22.0,ACT,72,217.0,Miami (FL),100,100,0
trevor_etienne_CAR_2025,39e2d13c-0fb7-465f-ad8b-0b4bb73e1124,Trevor Etienne,,RB,4000,4000,1.0,1.0,CAR,CAR,JAX,@ JAX,away,Sun 09/07 13:00,2025-09-07,TIAA Bank Stadium,2025_01_CAR_JAX,,23.0,ACT,68,198.0,Georgia,101,101,0
jordan_waters_LA_2025,b3271d80-254d-11f0-85e6-ad6d4b9a9b15,Jordan Waters,,RB,4000,4000,1.0,1.0,LA,LA,HOU,vs HOU,home,Sun 09/07 16:25,2025-09-07,SoFi Stadium,2025_01_HOU_LA,,36.0,ACT,72,225.0,North Carolina State,102,102,0
khalil_herbert_IND_2025,02af99e0-3c84-4d4e-937a-a9f29a02323b,Khalil Herbert,,RB,4000,4000,1.0,1.0,IND,IND,MIA,vs MIA,home,Sun 09/07 13:00,2025-09-07,Lucas Oil Stadium,2025_01_MIA_IND,"https://static.www.nfl.com/image/upload/f_auto,q_auto/league/rz6zmdluhpsaylbvmpgr",26.0,ACT,69,212.0,Virginia Tech,103,103,0
corey_kiner_SF_2025,c7483e80-2574-11f0-b082-a1e374c45b00,Corey Kiner,,RB,4000,4000,1.0,1.0,SF,SF,SEA,@ SEA,away,Sun 09/07 16:05,2025-09-07,Lumen Field,2025_01_SF_SEA,,49.0,ACT,69,209.0,Cincinnati,104,104,0
elijah_mitchell_KC_2025,8ba68abf-e9d2-4927-bf8d-476f271d840c,Elijah Mitchell,,RB,4000,4000,1.0,1.0,KC,KC,LAC,@ LAC,away,Fri 09/05 20:00,2025-09-05,SoFi Stadium,2025_01_KC_LAC,"https://static.www.nfl.com/image/upload/f_auto,q_auto/league/ecpkun66fbkxptrnmdcw",25.0,ACT,70,200.0,Louisiana,105,105,0
toa_taua_CLE_2025,cd8d5f70-6a69-11f0-bafc-7fbf1cbad470,Toa Taua,,RB,4000,4000,1.0,1.0,CLE,CLE,CIN,vs CIN,home,Sun 09/07 13:00,2025-09-07,FirstEnergy Stadium,2025_01_CIN_CLE,,35.0,ACT,69,215.0,Nevada,106,106,0
marcus_yarns_NO_2025,8a118cb0-2551-11f0-9371-f9b494c39630,Marcus Yarns,,RB,4000,4000,1.0,1.0,NO,NO,ARI,vs ARI,home,Sun 09/07 13:00,2025-09-07,Mercedes-Benz Superdome,2025_01_ARI_NO,,34.0,ACT,71,190.0,Delaware,107,107,0
nate_carter_ATL_2025,,Nate Carter,Nate Carter,RB,4000,4000,1.0,1.0,ATL,ATL,TB,vs TB,home,Sun 09/07 13:00,2025-09-07,Mercedes-Benz Stadium,2025_01_TB_ATL,,38.0,ACT,,,,108,108,0
kayron_lynch-adams__2025,7ed2cad0-2515-11f0-a575-0f290c5d2e10,Kayron Lynch-Adams,,RB,4000,4000,1.0,1.0,,,,TBD,,TBD,,,,,34.0,ACT,70,215.0,Michigan State,109,109,0
deejay_dallas_ARI_2025,48ef5bfa-7b91-4ed1-ad12-e94c0bc101c2,DeeJay Dallas,,RB,4000,4000,1.0,1.0,ARI,ARI,NO,@ NO,away,Sun 09/07 13:00,2025-09-07,Mercedes-Benz Superdome,2025_01_ARI_NO,"https://static.www.nfl.com/image/upload/f_auto,q_auto/league/qsij89kqrxap0jba9zwh",20.0,ACT,70,225.0,Miami (FL),110,110,0
kazmeir_allen_WAS_2025,79db66b0-e75d-11ed-ad1e-4d786886cff5,Kazmeir Allen,,RB,4000,4000,1.0,1.0,WAS,WAS,NYG,vs NYG,home,Sun 09/07 13:00,2025-09-07,FedExField,2025_01_NYG_WAS,,22.0,ACT,68,176.0,UCLA,111,111,0
elijah_dotson_ATL_2025,1df86850-e78c-11ed-8c85-33e7cdbd0a45,Elijah Dotson,,RB,4000,4000,1.0,1.0,ATL,ATL,TB,vs TB,home,Sun 09/07 13:00,2025-09-07,Mercedes-Benz Stadium,2025_01_TB_ATL,"https://static.www.nfl.com/image/upload/f_auto,q_auto/league/yx9vzbdqe6khlgdanbk3",41.0,ACT,69,202.0,Northern Colorado,112,112,0
jacob_saylors_DET_2025,99a7f770-ea18-11ed-a93b-a93886fe0bfd,Jacob Saylors,,RB,4000,4000,1.0,1.0,DET,DET,GB,@ GB,away,Sun 09/07 16:25,2025-09-07,Lambeau Field,2025_01_DET_GB,,48.0,ACT,71,195.0,East Tennessee State,113,113,0
carlos_washington_ATL_2025,43670880-e8f9-11ed-a4c3-31452e24a6c7,Carlos Washington,,RB,4000,4000,1.0,1.0,ATL,ATL,TB,vs TB,home,Sun 09/07 13:00,2025-09-07,Mercedes-Benz Stadium,2025_01_TB_ATL,,26.0,ACT,71,210.0,Southeastern Louisiana,114,114,0
sean_tucker_TB_2025,6d616c10-f35e-11ed-b721-9b68b08a2e09,Sean Tucker,,RB,4000,4000,1.0,1.0,TB,TB,ATL,@ ATL,away,Sun 09/07 13:00,2025-09-07,Mercedes-Benz Stadium,2025_01_TB_ATL,"https://static.www.nfl.com/image/upload/f_auto,q_auto/league/pgc1uq4p5euuc9lkaphf",44.0,ACT,70,205.0,Syracuse,115,115,0
jaleel_mclaughlin_DEN_2025,60b4ded0-f321-11ed-ab27-e38fa04fd6c0,Jaleel McLaughlin,,RB,4000,4000,1.0,1.0,DEN,DEN,TEN,vs TEN,home,Sun 09/07 16:05,2025-09-07,Empower Field at Mile High,2025_01_TEN_DEN,"https://static.www.nfl.com/image/upload/f_auto,q_auto/league/ndqnhudqtipzrnzslyla",38.0,ACT,67,187.0,Youngstown State,116,116,0
nate_noel_IND_2025,,Nate Noel,Nate Noel,RB,4000,4000,1.0,1.0,IND,IND,MIA,vs MIA,home,Sun 09/07 13:00,2025-09-07,Lucas Oil Stadium,2025_01_MIA_IND,,41.0,ACT,,,,117,117,0
j.j._taylor_HOU_2025,879325b1-c961-4c9a-a3a4-679d77a28293,J.J. Taylor,,RB,4000,4000,1.0,1.0,HOU,HOU,LA,@ LA,away,Sun 09/07 16:25,2025-09-07,SoFi Stadium,2025_01_HOU_LA,"https://static.www.nfl.com/image/upload/f_auto,q_auto/league/m8en6noemyviirgtxlgd",26.0,ACT,66,185.0,Arizona,118,118,0
dante_miller_NYG_2025,6e0c07b0-f42a-11ee-88d0-f12fe77edfe4,Dante Miller,,RB,4000,4000,1.0,1.0,NYG,NYG,WAS,@ WAS,away,Sun 09/07 13:00,2025-09-07,FedExField,2025_01_NYG_WAS,,25.0,ACT,69,200.0,South Carolina,119,119,0
chris_collier_LV_2025,7fcfe130-06fc-11ef-9592-67ed152bdb91,Chris Collier,,RB,4000,4000,1.0,1.0,LV,LV,NE,@ NE,away,Sun 09/07 13:00,2025-09-07,Gillette Stadium,2025_01_LV_NE,"https://static.www.nfl.com/image/upload/f_auto,q_auto/league/pj0aengevekxp3j1psd6",35.0,ACT,70,203.0,Lock Haven,120,120,0
kendall_milton_CIN_2025,d0dd8a70-072c-11ef-a49f-41e71daeb2e1,Kendall Milton,,RB,4000,4000,1.0,1.0,CIN,CIN,CLE,@ CLE,away,Sun 09/07 13:00,2025-09-07,FirstEnergy Stadium,2025_01_CIN_CLE,,36.0,ACT,73,230.0,Georgia,121,121,0
george_holani_SEA_2025,971a3930-0724-11ef-a47d-6f7fe8c7bc97,George Holani,,RB,4000,4000,1.0,1.0,SEA,SEA,SF,vs SF,home,Sun 09/07 16:05,2025-09-07,Lumen Field,2025_01_SF_SEA,"https://static.www.nfl.com/image/upload/f_auto,q_auto/league/x0f2kv9b6nw2vjloykm9",36.0,ACT,71,210.0,Boise State,122,122,0
emani_bailey_CAR_2025,dc1edb70-0707-11ef-a3d0-77ba0287fd10,Emani Bailey,,RB,4000,4000,1.0,1.0,CAR,CAR,JAX,@ JAX,away,Sun 09/07 13:00,2025-09-07,TIAA Bank Stadium,2025_01_CAR_JAX,,39.0,ACT,67,202.0,TCU,123,123,0
tre_stewart_MIN_2025,34368fd0-2514-11f0-a81f-81aa50e9d045,Tre Stewart,,RB,4000,4000,1.0,1.0,MIN,MIN,CHI,@ CHI,away,Mon 09/08 20:15,2025-09-08,Soldier Field,2025_01_MIN_CHI,,38.0,ACT,68,186.0,Jacksonville State,124,124,0
jaydon_blue_DAL_2025,f5e6eb8e-2c76-4bf9-b47f-57c62659341d,Jaydon Blue,,RB,4000,4000,1.0,1.0,DAL,DAL,PHI,@ PHI,away,Thu 09/04 20:20,2025-09-04,Lincoln Financial Field,2025_01_DAL_PHI,,34.0,ACT,69,196.0,Texas,125,125,0
jaylen_wright_MIA_2025,ba9e1390-028b-47c9-8710-84cee3fa25de,Jaylen Wright,,RB,4000,4000,1.0,1.0,MIA,MIA,IND,@ IND,away,Sun 09/07 13:00,2025-09-07,Lucas Oil Stadium,2025_01_MIA_IND,"https://static.www.nfl.com/image/upload/f_auto,q_auto/league/ib9s3nvt4i1i5wh11t4f",5.0,ACT,70,208.0,Tennessee,126,126,0
zavier_scott_MIN_2025,3b133980-eb9a-11ed-8b52-a11a185238e2,Zavier Scott,,RB,4000,4000,1.0,1.0,MIN,MIN,CHI,@ CHI,away,Mon 09/08 20:15,2025-09-08,Soldier Field,2025_01_MIN_CHI,,36.0,ACT,73,219.0,Maine,127,127,0
jacory_croskey-merritt_WAS_2025,202b8be6-40d2-49ed-b256-312ac45ec70f,Jacory Croskey-Merritt,,RB,4000,4000,1.0,1.0,WAS,WAS,NYG,vs NYG,home,Sun 09/07 13:00,2025-09-07,FedExField,2025_01_NYG_WAS,,32.0,ACT,71,208.0,Arizona,128,128,0
deion_hankins_CHI_2025,81f84780-25f6-11f0-bfac-bd2427320add,Deion Hankins,,RB,4000,4000,1.0,1.0,CHI,CHI,MIN,vs MIN,home,Mon 09/08 20:15,2025-09-08,Soldier Field,2025_01_MIN_CHI,,35.0,ACT,71,226.0,Texas State,129,129,0
keilan_robinson_PHI_2025,de79955a-99ab-492e-9161-3544fd812dbd,Keilan Robinson,,RB,4000,4000,1.0,1.0,PHI,PHI,DAL,vs DAL,home,Thu 09/04 20:20,2025-09-04,Lincoln Financial Field,2025_01_DAL_PHI,,35.0,ACT,68,191.0,Texas,130,130,0
phil_mafah_DAL_2025,54b97d06-1639-46a3-9dcc-67320687281d,Phil Mafah,,RB,4000,4000,1.0,1.0,DAL,DAL,PHI,@ PHI,away,Thu 09/04 20:20,2025-09-04,Lincoln Financial Field,2025_01_DAL_PHI,,37.0,ACT,72,234.0,Clemson,131,131,0
shane_watts_NE_2025,,Shane Watts,Shane Watts,RB,4000,4000,1.0,1.0,NE,NE,LV,vs LV,home,Sun 09/07 13:00,2025-09-07,Gillette Stadium,2025_01_LV_NE,,30.0,ACT,,,,132,132,0
jase_mcclellan_TB_2025,,Jase McClellan,Jase McClellan,RB,4000,4000,1.0,1.0,TB,TB,ATL,@ ATL,away,Sun 09/07 13:00,2025-09-07,Mercedes-Benz Stadium,2025_01_TB_ATL,"https://static.www.nfl.com/image/upload/f_auto,q_auto/league/qargp7q40zcnh0tjfc1o",39.0,ACT,,,,133,133,0
anthony_tyus_iii_SEA_2025,ddfc3ea0-2507-11f0-be8f-f5c6930b3c52,Anthony Tyus III,,RB,4000,4000,1.0,1.0,SEA,SEA,SF,vs SF,home,Sun 09/07 16:05,2025-09-07,Lumen Field,2025_01_SF_SEA,,35.0,ACT,73,226.0,Ohio,134,134,0
jawhar_jordan_HOU_2025,d3ddb80f-6f08-4594-be42-4c2f0716f4ef,Jawhar Jordan,,RB,4000,4000,1.0,1.0,HOU,HOU,LA,@ LA,away,Sun 09/07 16:25,2025-09-07,SoFi Stadium,2025_01_HOU_LA,,22.0,ACT,70,186.0,Louisville,135,135,0
donovan_edwards_NYJ_2025,162f3110-24fe-11f0-9c33-270dfe4c58dc,Donovan Edwards,,RB,4000,4000,1.0,1.0,NYJ,NYJ,PIT,vs PIT,home,Sun 09/07 13:00,2025-09-07,MetLife Stadium,2025_01_PIT_NYJ,,40.0,ACT,73,212.0,Michigan,136,136,0
dylan_laube_LV_2025,de5b56bd-33f0-48bc-b1e3-9523bd6bba64,Dylan Laube,,RB,4000,4000,1.0,1.0,LV,LV,NE,@ NE,away,Sun 09/07 13:00,2025-09-07,Gillette Stadium,2025_01_LV_NE,"https://static.www.nfl.com/image/upload/f_auto,q_auto/league/zag3wqxniqpcgujte3h7",23.0,ACT,69,204.0,New Hampshire,137,137,0
terrell_jennings_NE_2025,e6fc9a80-1168-11ef-8e6a-d7d3a1fb0861,Terrell Jennings,,RB,4000,4000,1.0,1.0,NE,NE,LV,vs LV,home,Sun 09/07 13:00,2025-09-07,Gillette Stadium,2025_01_LV_NE,"https://static.www.nfl.com/image/upload/f_auto,q_auto/league/yn8krjb11it7oqoogryb",26.0,ACT,72,217.0,Florida A&M,138,138,0
ian_wheeler_CHI_2025,4cbe3c80-0718-11ef-ad6b-0f2dd4b44ccd,Ian Wheeler,,RB,4000,4000,1.0,1.0,CHI,CHI,MIN,vs MIN,home,Mon 09/08 20:15,2025-09-08,Soldier Field,2025_01_MIN_CHI,,33.0,ACT,70,206.0,Howard,139,139,0
josh_williams_TB_2025,bfb346f0-2318-11f0-81b8-b7cb2fd8d89b,Josh Williams,,RB,4000,4000,1.0,1.0,TB,TB,ATL,@ ATL,away,Sun 09/07 13:00,2025-09-07,Mercedes-Benz Stadium,2025_01_TB_ATL,,37.0,ACT,69,210.0,LSU,140,140,0
raheim_sanders_LAC_2025,09b7c5d0-23ca-11f0-97f8-1902f784caec,Raheim Sanders,,RB,4000,4000,1.0,1.0,LAC,LAC,KC,vs KC,home,Fri 09/05 20:00,2025-09-05,SoFi Stadium,2025_01_KC_LAC,,35.0,ACT,72,230.0,South Carolina,141,141,0
british_brooks_HOU_2025,2ef88b80-07cf-11ef-96cf-876a6c13e638,British Brooks,,RB,4000,4000,1.0,1.0,HOU,HOU,LA,@ LA,away,Sun 09/07 16:25,2025-09-07,SoFi Stadium,2025_01_HOU_LA,"https://static.www.nfl.com/image/upload/f_auto,q_auto/league/qyywm0giwehv0iwy2f7n",44.0,ACT,71,225.0,North Carolina,142,142,0
cody_schrader_LA_2025,70c949c0-057f-11ef-ae83-716cc96c95b8,Cody Schrader,,RB,4000,4000,1.0,1.0,LA,LA,HOU,vs HOU,home,Sun 09/07 16:25,2025-09-07,SoFi Stadium,2025_01_HOU_LA,"https://static.www.nfl.com/image/upload/f_auto,q_auto/league/lalojbe9yf1gmoeuyklz",32.0,ACT,69,214.0,Missouri,143,143,0
colson_yankoff_WAS_2025,8344b150-0667-11ef-8407-311b2612bbe3,Colson Yankoff,,RB,4000,4000,1.0,1.0,WAS,WAS,NYG,vs NYG,home,Sun 09/07 13:00,2025-09-07,FedExField,2025_01_NYG_WAS,,41.0,ACT,76,225.0,UCLA,144,144,0
michael_wiley_KC_2025,,Michael Wiley,Michael Wiley,RB,4000,4000,1.0,1.0,KC,KC,LAC,@ LAC,away,Fri 09/05 20:00,2025-09-05,SoFi Stadium,2025_01_KC_LAC,,39.0,ACT,,,,145,145,0
ahmani_marshall_CLE_2025,c18cabc0-2321-11f0-80a0-bb24566134d1,Ahmani Marshall,,RB,4000,4000,1.0,1.0,CLE,CLE,CIN,vs CIN,home,Sun 09/07 13:00,2025-09-07,FirstEnergy Stadium,2025_01_CIN_CLE,,39.0,ACT,73,225.0,Appalachian State,146,146,0
blake_watson_DEN_2025,51f21920-0730-11ef-9a3c-99c1643e1512,Blake Watson,,RB,4000,4000,1.0,1.0,DEN,DEN,TEN,vs TEN,home,Sun 09/07 16:05,2025-09-07,Empower Field at Mile High,2025_01_TEN_DEN,"https://static.www.nfl.com/image/upload/f_auto,q_auto/league/x527wf1dlqhu9ncr9zv0",25.0,ACT,69,195.0,Memphis,147,147,0
lequint_allen_jr._JAX_2025,14aedd06-41a6-41db-8c5e-05483f91570d,LeQuint Allen Jr.,,RB,4000,4000,1.0,1.0,JAX,JAX,CAR,vs CAR,home,Sun 09/07 13:00,2025-09-07,TIAA Bank Stadium,2025_01_CAR_JAX,,36.0,ACT,72,201.0,Syracuse,148,148,0
ja'quinden_jackson_JAX_2025,826620a0-249a-11f0-9302-cb167d81eff7,Ja'Quinden Jackson,,RB,4000,4000,1.0,1.0,JAX,JAX,CAR,vs CAR,home,Sun 09/07 13:00,2025-09-07,TIAA Bank Stadium,2025_01_CAR_JAX,,38.0,ACT,74,233.0,Arkansas,149,149,0
jamycal_hasty_NE_2025,c6c50d09-f14f-41c2-9eb3-87514f0121f6,JaMycal Hasty,,RB,4000,4000,1.0,1.0,NE,NE,LV,vs LV,home,Sun 09/07 13:00,2025-09-07,Gillette Stadium,2025_01_LV_NE,"https://static.www.nfl.com/image/upload/f_auto,q_auto/league/stvclosmy6zi864kfxw7",39.0,ACT,68,205.0,Baylor,150,150,0
montrell_johnson_jr._PHI_2025,3557e290-2449-11f0-9b47-b3e02d0eb26f,Montrell Johnson Jr.,,RB,4000,4000,1.0,1.0,PHI,PHI,DAL,vs DAL,home,Thu 09/04 20:20,2025-09-04,Lincoln Financial Field,2025_01_DAL_PHI,,34.0,ACT,71,212.0,Florida,151,151,0
shunderrick_powell_PHI_2025,542de5c0-263d-11f0-961b-296ef24a1ae9,ShunDerrick Powell,,RB,4000,4000,1.0,1.0,PHI,PHI,DAL,vs DAL,home,Thu 09/04 20:20,2025-09-04,Lincoln Financial Field,2025_01_DAL_PHI,,39.0,ACT,67,183.0,Central Arkansas,152,152,0
amar_johnson_GB_2025,9ec3d420-250a-11f0-aaad-b190600d09cf,Amar Johnson,,RB,4000,4000,1.0,1.0,GB,GB,DET,vs DET,home,Sun 09/07 16:25,2025-09-07,Lambeau Field,2025_01_DET_GB,,46.0,ACT,70,205.0,South Dakota State,153,153,0
jacardia_wright_SEA_2025,42cb24b0-2556-11f0-a3b7-37e42e45b4dd,Jacardia Wright,,RB,4000,4000,1.0,1.0,SEA,SEA,SF,vs SF,home,Sun 09/07 16:05,2025-09-07,Lumen Field,2025_01_SF_SEA,,31.0,ACT,72,218.0,Missouri State,154,154,0
elijah_young_KC_2025,9e487800-23a9-11f0-97c5-6362ab5bbdb8,Elijah Young,,RB,4000,4000,1.0,1.0,KC,KC,LAC,@ LAC,away,Fri 09/05 20:00,2025-09-05,SoFi Stadium,2025_01_KC_LAC,,34.0,ACT,70,198.0,Western Kentucky,155,155,0
quali_conley_CIN_2025,e1d60110-25f1-11f0-853d-af323d5bbf18,Quali Conley,,RB,4000,4000,1.0,1.0,CIN,CIN,CLE,@ CLE,away,Sun 09/07 13:00,2025-09-07,FirstEnergy Stadium,2025_01_CIN_CLE,,40.0,ACT,70,211.0,Arizona,156,156,0
brashard_smith_KC_2025,3170164a-1718-4a39-9ef2-e18104e35fef,Brashard Smith,,RB,4000,4000,1.0,1.0,KC,KC,LAC,@ LAC,away,Fri 09/05 20:00,2025-09-05,SoFi Stadium,2025_01_KC_LAC,,30.0,ACT,70,196.0,SMU,157,157,0
dylan_sampson_CLE_2025,6ea71d26-623a-4178-a93a-215678244902,Dylan Sampson,,RB,4000,4000,1.0,1.0,CLE,CLE,CIN,vs CIN,home,Sun 09/07 13:00,2025-09-07,FirstEnergy Stadium,2025_01_CIN_CLE,,22.0,ACT,68,200.0,Tennessee,158,158,0
jordan_james_SF_2025,c16040c3-7534-4eeb-956c-8ed3be9972ec,Jordan James,,RB,4000,4000,1.0,1.0,SF,SF,SEA,@ SEA,away,Sun 09/07 16:05,2025-09-07,Lumen Field,2025_01_SF_SEA,,29.0,ACT,69,208.0,Oregon,159,159,0
dj_giddens__2025,73ffa6e6-7fb3-4f34-a856-38bfd62cca15,DJ Giddens,,RB,4000,4000,1.0,1.0,,,,TBD,,TBD,,,,,21.0,ACT,72,212.0,Kansas State,160,160,0
ollie_gordon_ii_MIA_2025,42753bb4-a416-4d40-bf81-f20d2181be2f,Ollie Gordon II,,RB,4000,4000,1.0,1.0,MIA,MIA,IND,@ IND,away,Sun 09/07 13:00,2025-09-07,Lucas Oil Stadium,2025_01_MIA_IND,,31.0,ACT,74,225.0,Oklahoma State,161,161,0
devin_neal_NO_2025,4ef874c1-50c3-4120-9199-0d5a4ae7c6dd,Devin Neal,,RB,4000,4000,1.0,1.0,NO,NO,ARI,vs ARI,home,Sun 09/07 13:00,2025-09-07,Mercedes-Benz Superdome,2025_01_ARI_NO,,30.0,ACT,71,213.0,Kansas,162,162,0
kalel_mullings_TEN_2025,9983d47b-c955-4546-882f-4bd2a2a5ad42,Kalel Mullings,,RB,4000,4000,1.0,1.0,TEN,TEN,DEN,@ DEN,away,Sun 09/07 16:05,2025-09-07,Empower Field at Mile High,2025_01_TEN_DEN,,28.0,ACT,74,226.0,Michigan,163,163,0
tahj_brooks_CIN_2025,8d50af87-f6dc-42cb-a7e7-11716667a1dc,Tahj Brooks,,RB,4000,4000,1.0,1.0,CIN,CIN,CLE,@ CLE,away,Sun 09/07 13:00,2025-09-07,FirstEnergy Stadium,2025_01_CIN_CLE,,25.0,ACT,69,220.0,Texas Tech,164,164,0
kyle_monangai_CHI_2025,6edec23b-f938-40f7-a151-1db5374880dd,Kyle Monangai,,RB,4000,4000,1.0,1.0,CHI,CHI,MIN,vs MIN,home,Mon 09/08 20:15,2025-09-08,Soldier Field,2025_01_MIN_CHI,,25.0,ACT,68,207.0,Rutgers,165,165,0
jermar_jefferson_TEN_2025,de456390-b27b-4146-87b9-0267f1ea8db4,Jermar Jefferson,,RB,4000,4000,0.9,0.9,TEN,TEN,DEN,@ DEN,away,Sun 09/07 16:05,2025-09-07,Empower Field at Mile High,2025_01_TEN_DEN,"https://static.www.nfl.com/image/upload/f_auto,q_auto/league/bkgrgirrdwlm05vqg74b",32.0,ACT,70,215.0,Oregon State,166,166,0
aaron_shampklin_MIA_2025,,Aaron Shampklin,Aaron Shampklin,RB,4000,4000,0.9,0.9,MIA,MIA,IND,@ IND,away,Sun 09/07 13:00,2025-09-07,Lucas Oil Stadium,2025_01_MIA_IND,"https://static.www.nfl.com/image/upload/f_auto,q_auto/league/iujjn4h87hwnj9tswfey",48.0,ACT,,,,167,167,0
d'ernest_johnson_BAL_2025,f46e812f-14c6-4af8-9316-01a880adebc5,D'Ernest Johnson,,RB,4000,4000,0.9,0.9,BAL,BAL,BUF,@ BUF,away,Sun 09/07 20:20,2025-09-07,New Era Field,2025_01_BAL_BUF,"https://static.www.nfl.com/image/upload/f_auto,q_auto/league/gbe2eojaxid4n3pmo0rj",30.0,ACT,70,208.0,South Florida,168,168,0
myles_gaskin_BAL_2025,,Myles Gaskin,Myles Gaskin,RB,4000,4000,0.9,0.9,BAL,BAL,BUF,@ BUF,away,Sun 09/07 20:20,2025-09-07,New Era Field,2025_01_BAL_BUF,"https://static.www.nfl.com/image/upload/f_auto,q_auto/league/dn5kacxm99pb95u8dle1",38.0,ACT,,,,169,169,0
kenneth_gainwell_PIT_2025,e2a5882a-dcc1-4800-889f-3b957b21834f,Kenneth Gainwell,,RB,4000,4000,0.9,0.9,PIT,PIT,NYJ,@ NYJ,away,Sun 09/07 13:00,2025-09-07,MetLife Stadium,2025_01_PIT_NYJ,"https://static.www.nfl.com/image/upload/f_auto,q_auto/league/prer0j0tkzsdva1yrd0i",14.0,ACT,69,200.0,Memphis,170,170,0
roschon_johnson_CHI_2025,e3c414c0-be8c-4807-af9c-f91d89c83e60,Roschon Johnson,,RB,4000,4000,0.9,0.9,CHI,CHI,MIN,vs MIN,home,Mon 09/08 20:15,2025-09-08,Soldier Field,2025_01_MIN_CHI,"https://static.www.nfl.com/image/upload/f_auto,q_auto/league/skajjk8i3zdrvzqmucww",23.0,ACT,72,227.0,Texas,171,171,0
ty_chandler_MIN_2025,a0833a94-60ce-4a3a-a32a-d067fe7b253d,Ty Chandler,,RB,4000,4000,0.9,0.9,MIN,MIN,CHI,@ CHI,away,Mon 09/08 20:15,2025-09-08,Soldier Field,2025_01_MIN_CHI,"https://static.www.nfl.com/image/private/f_auto,q_auto/league/map979dvuonzb8a6g13b",32.0,ACT,71,204.0,North Carolina,172,172,0
tyler_allgeier_ATL_2025,f4529909-1a02-4f4b-a1f3-315cad100683,Tyler Allgeier,,RB,4000,4000,0.9,0.9,ATL,ATL,TB,vs TB,home,Sun 09/07 13:00,2025-09-07,Mercedes-Benz Stadium,2025_01_TB_ATL,"https://static.www.nfl.com/image/upload/f_auto,q_auto/league/yosaj2anmqoujqrgzecd",25.0,ACT,70,225.0,BYU,173,173,0
zamir_white_LV_2025,440d7750-672e-4293-8eb0-89b241a498eb,Zamir White,,RB,4000,4000,0.9,0.9,LV,LV,NE,@ NE,away,Sun 09/07 13:00,2025-09-07,Gillette Stadium,2025_01_LV_NE,"https://static.www.nfl.com/image/upload/f_auto,q_auto/league/jpxuggpx567die5348be",3.0,ACT,71,227.0,Georgia,174,174,0
darrynton_evans_BUF_2025,eb3c219d-6489-4f2f-a542-bdbf7423a325,Darrynton Evans,,RB,4000,4000,0.9,0.9,BUF,BUF,BAL,vs BAL,home,Sun 09/07 20:20,2025-09-07,New Era Field,2025_01_BAL_BUF,"https://static.www.nfl.com/image/upload/f_auto,q_auto/league/akmrd72vwsbpsnuh9775",21.0,ACT,70,203.0,Appalachian State,175,175,0
miles_sanders_DAL_2025,ef3ceaf4-b733-4e06-a7f4-a94fc67361c1,Miles Sanders,,RB,4000,4000,0.9,0.9,DAL,DAL,PHI,@ PHI,away,Thu 09/04 20:20,2025-09-04,Lincoln Financial Field,2025_01_DAL_PHI,"https://static.www.nfl.com/image/upload/f_auto,q_auto/league/lvyjbie3d0ro8ohgphe0",27.0,ACT,71,211.0,Penn State,176,176,0
travis_homer_CHI_2025,4afb77d8-4564-469b-be4c-5a8587df8046,Travis Homer,,RB,4000,4000,0.9,0.9,CHI,CHI,MIN,vs MIN,home,Mon 09/08 20:15,2025-09-08,Soldier Field,2025_01_MIN_CHI,"https://static.www.nfl.com/image/upload/f_auto,q_auto/league/eg1e7va024emnbm55got",21.0,ACT,70,211.0,Miami (FL),177,177,0
jeremy_mcnichols_WAS_2025,25cc3585-6194-4786-968a-2600db46b6c6,Jeremy McNichols,,RB,4000,4000,0.9,0.9,WAS,WAS,NYG,vs NYG,home,Sun 09/07 13:00,2025-09-07,FedExField,2025_01_NYG_WAS,"https://static.www.nfl.com/image/upload/f_auto,q_auto/league/kegqjj5pv7xidm0xwtpy",26.0,ACT,69,214.0,Boise State,178,178,0
julius_chestnut_TEN_2025,873860f0-cca2-11ec-9e80-cff885fdbae7,Julius Chestnut,,RB,4000,4000,0.8,0.8,TEN,TEN,DEN,@ DEN,away,Sun 09/07 16:05,2025-09-07,Empower Field at Mile High,2025_01_TEN_DEN,"https://static.www.nfl.com/image/upload/f_auto,q_auto/league/dmy7xkb6lv63qou6qag7",36.0,ACT,71,228.0,Sacred Heart,179,179,0
sione_vaki_DET_2025,f5e0334b-b5f1-422f-a437-199c36cc108d,Sione Vaki,,RB,4000,4000,0.8,0.8,DET,DET,GB,@ GB,away,Sun 09/07 16:25,2025-09-07,Lambeau Field,2025_01_DET_GB,"https://static.www.nfl.com/image/upload/f_auto,q_auto/league/kpheugqezo5wlqou2mrd",33.0,ACT,71,216.0,Utah,180,180,0
samaje_perine_CIN_2025,e601812f-ce24-4e99-bee0-e33c1e9014e4,Samaje Perine,,RB,4000,4000,0.8,0.8,CIN,CIN,CLE,@ CLE,away,Sun 09/07 13:00,2025-09-07,FirstEnergy Stadium,2025_01_CIN_CLE,"https://static.www.nfl.com/image/upload/f_auto,q_auto/league/liorwdmj8gelxh5u7rc4",34.0,ACT,71,240.0,Oklahoma,181,181,0
mike_boone_MIA_2025,,Mike Boone,Mike Boone,RB,4000,4000,0.8,0.8,MIA,MIA,IND,@ IND,away,Sun 09/07 13:00,2025-09-07,Lucas Oil Stadium,2025_01_MIA_IND,"https://static.www.nfl.com/image/upload/f_auto,q_auto/league/yeoyrlaf9hlvowj6fdio",16.0,ACT,,,,182,182,0
ronnie_rivers_LA_2025,246db560-cb4e-11ec-a667-6354702e3fca,Ronnie Rivers,,RB,4000,4000,0.8,0.8,LA,LA,HOU,vs HOU,home,Sun 09/07 16:25,2025-09-07,SoFi Stadium,2025_01_HOU_LA,"https://static.www.nfl.com/image/upload/f_auto,q_auto/league/xjumjdizgaw4gicg6gbb",20.0,ACT,69,192.0,Fresno State,183,183,0
jeff_wilson_SF_2025,,Jeff Wilson,Jeff Wilson,RB,4000,4000,0.7,0.7,SF,SF,SEA,@ SEA,away,Sun 09/07 16:05,2025-09-07,Lumen Field,2025_01_SF_SEA,,20.0,ACT,,,,184,184,0
hassan_haskins_LAC_2025,f3a50b5d-0197-4ae8-b5a5-bb54484b8941,Hassan Haskins,,RB,4000,4000,0.6,0.6,LAC,LAC,KC,vs KC,home,Fri 09/05 20:00,2025-09-05,SoFi Stadium,2025_01_KC_LAC,"https://static.www.nfl.com/image/upload/f_auto,q_auto/league/kfqhhr4xcm2iaocbvdyp",28.0,ACT,74,228.0,Michigan,185,185,0
velus_jones_jr._NO_2025,318b263d-8910-4e46-afe3-5860092ab260,Velus Jones Jr.,,RB,4000,4000,0.6,0.6,NO,NO,ARI,vs ARI,home,Sun 09/07 13:00,2025-09-07,Mercedes-Benz Superdome,2025_01_ARI_NO,,13.0,ACT,72,200.0,Tennessee,186,186,0
dare_ogunbowale_HOU_2025,42b57148-fc06-4aee-b40b-bb941271b5b7,Dare Ogunbowale,,RB,4000,4000,0.6,0.6,HOU,HOU,LA,@ LA,away,Sun 09/07 16:25,2025-09-07,SoFi Stadium,2025_01_HOU_LA,"https://static.www.nfl.com/image/upload/f_auto,q_auto/league/kzthvzy64jesgizjthwx",33.0,ACT,70,205.0,Wisconsin,187,187,0
jonathan_ward_NYG_2025,1dc6b133-355f-451e-856f-d02839681578,Jonathan Ward,,RB,4000,4000,0.6,0.6,NYG,NYG,WAS,@ WAS,away,Sun 09/07 13:00,2025-09-07,FedExField,2025_01_NYG_WAS,"https://static.www.nfl.com/image/upload/f_auto,q_auto/league/yct3a4xznwcxjvn4iosk",23.0,ACT,72,202.0,Central Michigan,188,188,0
rasheen_ali_BAL_2025,9aeb79b0-e55b-4341-8c6b-233971b667a7,Rasheen Ali,,RB,4000,4000,0.6,0.6,BAL,BAL,BUF,@ BUF,away,Sun 09/07 20:20,2025-09-07,New Era Field,2025_01_BAL_BUF,"https://static.www.nfl.com/image/upload/f_auto,q_auto/league/rahywwfay2yyqupfwebh",26.0,ACT,71,210.0,Marshall,189,189,0
trey_sermon_PIT_2025,b7146193-fcd1-4b02-a6da-625fe467f60e,Trey Sermon,,RB,4000,4000,0.6,0.6,PIT,PIT,NYJ,@ NYJ,away,Sun 09/07 13:00,2025-09-07,MetLife Stadium,2025_01_PIT_NYJ,"https://static.www.nfl.com/image/upload/f_auto,q_auto/league/freievsvipthuvrwn7uw",27.0,ACT,72,215.0,Ohio State,190,190,0
tyler_goodson_IND_2025,3fec8370-ca72-11ec-a83a-8732d3d5a7e3,Tyler Goodson,,RB,4000,4000,0.6,0.6,IND,IND,MIA,vs MIA,home,Sun 09/07 13:00,2025-09-07,Lucas Oil Stadium,2025_01_MIA_IND,"https://static.www.nfl.com/image/upload/f_auto,q_auto/league/z4ugeazvmccxxhqjoxzv",31.0,ACT,69,197.0,Iowa,191,191,0
kene_nwangwu_NYJ_2025,482c1032-765a-48d3-b46e-b47a809dbee4,Kene Nwangwu,,RB,4000,4000,0.5,0.5,NYJ,NYJ,PIT,vs PIT,home,Sun 09/07 13:00,2025-09-07,MetLife Stadium,2025_01_PIT_NYJ,"https://static.www.nfl.com/image/upload/f_auto,q_auto/league/eti2uf3a3u1igqoornct",34.0,ACT,73,210.0,Iowa State,192,192,0
ke'shawn_vaughn_SF_2025,,Ke'Shawn Vaughn,Ke'Shawn Vaughn,RB,4000,4000,0.5,0.5,SF,SF,SEA,@ SEA,away,Sun 09/07 16:05,2025-09-07,Lumen Field,2025_01_SF_SEA,"https://static.www.nfl.com/image/private/f_auto,q_auto/league/npa1msmoqbig9cqznkti",30.0,ACT,,,,193,193,0
trayveon_williams_CLE_2025,478fcd24-2617-41d5-a900-b272aa6ef515,Trayveon Williams,,RB,4000,4000,0.4,0.4,CLE,CLE,CIN,vs CIN,home,Sun 09/07 13:00,2025-09-07,FirstEnergy Stadium,2025_01_CIN_CLE,"https://static.www.nfl.com/image/upload/f_auto,q_auto/league/kx1u2iefb1vcnkrpdt4e",36.0,ACT,68,206.0,Texas A&M,194,194,0
